City_ID,City,Lat,Lng,Max Temp,Humidity,Cloudiness,Wind Speed,Country,Date
0,tasiilaq,65.6145,-37.6368,-0.91,97,100,9.39,GL,1670106070
1,punta arenas,-53.15,-70.9167,10.06,46,20,11.83,CL,1670106484
2,quelimane,-17.8786,36.8883,25.97,73,20,2.57,MZ,1670106078
3,ushuaia,-54.8,-68.3,6.81,65,75,8.75,AR,1670105897
4,villa union,23.2,-106.2333,28.98,45,0,2.57,MX,1670106586
5,tuktoyaktuk,69.4541,-133.0374,-11.63,87,100,12.12,CA,1670106038
6,bethel,41.3712,-73.414,13.44,82,100,1.79,US,1670106086
7,longyearbyen,78.2186,15.6401,-2.09,86,75,9.26,SJ,1670106035
8,cape town,-33.9258,18.4232,16.86,70,68,4.92,ZA,1670106003
9,tarata,-17.6167,-66.0167,20.68,48,44,4.3,BO,1670106586
10,albany,42.6001,-73.9662,10.13,79,100,1.34,US,1670106586
11,butaritari,3.0707,172.7902,27.34,78,27,7.57,KI,1670106587
12,bluff,-46.6,168.3333,14.25,75,94,13.47,NZ,1670106587
13,kodiak,57.79,-152.4072,-0.27,64,0,0.0,US,1670106587
14,shostka,51.863,33.4698,-3.88,60,100,5.48,UA,1670106588
15,boa vista,2.8197,-60.6733,24.99,88,75,4.63,BR,1670106313
16,nanortalik,60.1432,-45.2371,-3.47,84,62,5.94,GL,1670106588
17,iqaluit,63.7506,-68.5145,-10.15,62,75,7.2,CA,1670106588
18,kapaa,22.0752,-159.319,28.18,71,75,5.66,US,1670106526
19,hobart,-42.8794,147.3294,16.81,80,75,1.54,AU,1670106026
20,katsuura,35.1333,140.3,16.01,61,98,9.23,JP,1670106141
21,new norfolk,-42.7826,147.0587,16.62,50,99,0.8,AU,1670106032
22,barrow,71.2906,-156.7887,-14.99,85,0,3.09,US,1670106589
23,rikitea,-23.1203,-134.9692,23.68,74,36,5.75,PF,1670105959
24,mar del plata,-38.0023,-57.5575,22.13,71,0,7.6,AR,1670106058
25,akyab,20.15,92.9,22.87,83,0,2.61,MM,1670106589
26,busselton,-33.65,115.3333,16.25,73,97,6.49,AU,1670106590
27,makakilo city,21.3469,-158.0858,28.18,60,40,5.66,US,1670106063
28,atuona,-9.8,-139.0333,25.47,76,2,7.06,PF,1670106027
29,bredasdorp,-34.5322,20.0403,13.47,65,90,0.84,ZA,1670106032
30,dikson,73.5069,80.5464,-3.13,92,100,8.79,RU,1670106027
31,mataura,-46.1927,168.8643,17.24,50,98,4.85,NZ,1670106031
32,yellowknife,62.456,-114.3525,-14.69,85,100,3.6,CA,1670106030
33,lavrentiya,65.5833,-171.0,-3.91,95,100,9.59,RU,1670106064
34,airai,-8.9266,125.4092,15.55,65,39,0.87,TL,1670106077
35,hilo,19.7297,-155.09,29.04,87,100,3.6,US,1670106528
36,kavieng,-2.5744,150.7967,27.39,78,96,2.17,PG,1670106034
37,kaitangata,-46.2817,169.8464,17.45,47,100,6.14,NZ,1670106047
38,nyurba,63.2842,118.3319,-26.0,100,98,1.38,RU,1670106591
39,launceston,-41.45,147.1667,18.12,80,63,1.03,AU,1670106591
40,torbay,47.6666,-52.7314,0.16,78,75,2.24,CA,1670106071
41,souillac,-20.5167,57.5167,23.21,83,40,0.0,MU,1670106056
42,lebu,-37.6167,-73.65,15.81,72,71,5.66,CL,1670106034
43,tautira,-17.7333,-149.15,26.5,81,61,8.36,PF,1670106591
44,ruidoso,33.3317,-105.673,13.92,65,91,1.87,US,1670106423
45,bandar-e lengeh,26.5579,54.8807,22.95,53,0,0.96,IR,1670106592
46,saint-philippe,-21.3585,55.7679,24.77,86,16,3.83,RE,1670106050
47,bulancak,40.9372,38.2291,10.9,100,75,2.57,TR,1670106592
48,quatre cocos,-20.2078,57.7625,23.06,73,54,3.31,MU,1670106080
49,hermanus,-34.4187,19.2345,12.67,67,66,3.01,ZA,1670106033
50,georgetown,5.4112,100.3354,26.8,90,20,2.06,MY,1670106592
51,kaabong,3.4836,34.1492,19.06,70,39,6.37,UG,1670106593
52,talnakh,69.4865,88.3972,-19.89,99,100,2.37,RU,1670106593
53,tat,47.7415,18.6481,6.73,90,100,2.54,HU,1670106593
54,maceio,-9.6658,-35.7353,24.69,88,20,2.57,BR,1670106313
55,emerald,-23.5333,148.1667,22.41,68,0,3.49,AU,1670106594
56,panzhihua,26.5851,101.7128,8.61,71,0,0.75,CN,1670106594
57,hithadhoo,-0.6,73.0833,27.89,72,100,6.41,MV,1670106128
58,rio gallegos,-51.6226,-69.2181,14.03,18,40,11.32,AR,1670106595
59,tiksi,71.6872,128.8694,-23.37,92,100,9.95,RU,1670106111
60,provideniya,64.3833,-173.3,-2.12,95,100,8.75,RU,1670106056
61,jamestown,42.097,-79.2353,3.08,60,100,7.72,US,1670105942
62,bilma,18.6853,12.9164,23.7,21,81,4.05,NE,1670106595
63,bandarbeyla,9.4942,50.8122,25.41,70,4,8.25,SO,1670106071
64,key west,24.5557,-81.7826,29.0,62,20,5.66,US,1670106480
65,sembakung,3.8167,117.25,22.19,99,100,0.78,ID,1670106596
66,san bartolome de tirajana,27.9248,-15.5733,12.95,79,75,2.06,ES,1670106596
67,ostrovnoy,68.0531,39.5131,-5.95,93,55,4.63,RU,1670106068
68,mayo,38.8876,-76.5119,16.23,84,20,4.63,US,1670106596
69,nouadhibou,20.931,-17.0347,17.99,94,20,4.12,MR,1670106453
70,da nang,16.0678,108.2208,22.99,94,40,1.03,VN,1670106590
71,la ronge,55.1001,-105.2842,-16.86,71,75,2.57,CA,1670106550
72,thompson,55.7435,-97.8558,-25.91,76,20,2.57,CA,1670106062
73,bartica,6.4,-58.6167,25.18,98,100,1.86,GY,1670106597
74,isangel,-19.55,169.2667,28.86,75,100,4.78,VU,1670106464
75,kichera,55.9375,110.0997,-21.56,90,100,1.41,RU,1670106597
76,vaini,-21.2,-175.2,30.09,70,75,5.14,TO,1670106039
77,tual,-5.6667,132.75,28.27,72,91,1.73,ID,1670106597
78,novobirilyussy,56.9514,90.6661,-18.48,94,100,3.07,RU,1670106598
79,plettenberg bay,-34.0527,23.3716,15.54,71,94,0.89,ZA,1670106078
80,lahaina,20.8783,-156.6825,29.0,71,10,2.96,US,1670106359
81,east london,-33.0153,27.9116,18.67,77,100,1.69,ZA,1670106042
82,walcz,53.2779,16.4712,-1.18,91,100,3.5,PL,1670106598
83,along,28.1667,94.7667,11.92,76,30,0.72,IN,1670106599
84,dingle,10.9995,122.6711,23.67,94,90,3.08,PH,1670106140
85,bilibino,68.0546,166.4372,-16.42,84,93,1.98,RU,1670106599
86,sao filipe,14.8961,-24.4956,22.63,63,100,3.67,CV,1670106167
87,norman wells,65.282,-126.8329,1.02,80,100,9.26,CA,1670106039
88,san patricio,28.017,-97.5169,24.05,83,100,3.72,US,1670106174
89,noumea,-22.2763,166.4572,30.99,92,100,1.36,NC,1670106113
90,yilan,24.757,121.753,22.79,87,58,2.27,TW,1670106599
91,mahebourg,-20.4081,57.7,23.16,83,40,0.0,MU,1670106066
92,chuy,-33.6971,-53.4616,18.54,95,99,1.59,UY,1670106053
93,muisne,0.6,-80.0333,24.43,79,56,4.62,EC,1670106135
94,khorramshahr,30.4397,48.1664,18.98,55,75,4.12,IR,1670106600
95,hamilton,39.1834,-84.5333,5.92,57,0,5.14,US,1670105840
96,carnarvon,-24.8667,113.6333,20.84,82,8,7.08,AU,1670106061
97,mayskiy,47.6931,40.1025,-7.33,42,6,8.05,RU,1670106600
98,husavik,66.0449,-17.3389,0.37,83,36,5.08,IS,1670106146
99,severo-yeniseyskiy,60.3725,93.0408,-26.37,100,88,1.72,RU,1670106601
100,agadez,19.75,10.25,20.01,21,42,2.28,NE,1670106601
101,fairbanks,64.8378,-147.7164,-2.73,93,100,2.57,US,1670106103
102,mildura,-34.2,142.15,27.26,48,0,5.36,AU,1670106122
103,navrongo,10.8956,-1.0921,28.07,40,31,1.4,GH,1670106602
104,belmonte,-15.8631,-38.8828,23.43,90,84,3.78,BR,1670106114
105,dejen,10.1667,38.1333,10.64,43,45,1.73,ET,1670106602
106,pisco,-13.7,-76.2167,22.03,68,0,8.75,PE,1670106603
107,upernavik,72.7868,-56.1549,-5.12,74,100,18.56,GL,1670106059
108,porto velho,-8.7619,-63.9039,25.03,88,75,2.57,BR,1670106603
109,qaqortoq,60.7167,-46.0333,-9.18,87,5,2.91,GL,1670106138
110,hastings,50.8552,0.5729,5.86,80,100,6.59,GB,1670106603
111,sumenep,-7.0167,113.8667,26.82,80,97,1.47,ID,1670106604
112,ribeira grande,38.5167,-28.7,14.32,77,96,9.83,PT,1670106121
113,khatanga,71.9667,102.5,-13.56,94,100,10.49,RU,1670106072
114,goderich,43.7501,-81.7165,2.17,64,99,8.23,CA,1670106604
115,codrington,-38.2667,141.9667,21.44,64,82,4.09,AU,1670106043
116,sandakan,5.8402,118.1179,23.82,94,20,1.54,MY,1670106605
117,puerto ayora,-0.7393,-90.3518,24.98,87,83,3.13,EC,1670106029
118,pemberton,50.3164,-122.8027,3.45,78,50,0.74,CA,1670106130
119,arraial do cabo,-22.9661,-42.0278,22.39,92,100,12.59,BR,1670106081
120,korla,41.7597,86.1469,-6.8,38,30,0.06,CN,1670106040
121,tuatapere,-46.1333,167.6833,15.79,61,83,5.42,NZ,1670106156
122,sorong,-0.8833,131.25,25.73,87,100,2.94,ID,1670106549
123,lata,40.1629,-8.3327,9.49,82,99,0.92,PT,1670106038
124,clyde river,70.4692,-68.5914,-17.87,78,26,11.83,CA,1670105994
125,soyo,-6.1349,12.3689,25.79,88,100,2.74,AO,1670106605
126,haines junction,60.7522,-137.5108,-15.03,78,14,0.51,CA,1670106122
127,saint-pierre,-21.3393,55.4781,24.82,69,100,2.06,RE,1670106038
128,kahului,20.8947,-156.47,29.01,59,40,8.75,US,1670106606
129,miri,4.4148,114.0089,24.08,94,40,1.54,MY,1670106606
130,port blair,11.6667,92.75,26.74,83,100,4.52,IN,1670106065
131,cristalina,-16.7686,-47.6136,16.45,94,100,2.52,BR,1670106603
132,sesheke,-17.4759,24.2968,23.34,31,4,2.39,ZM,1670106607
133,lebanon,36.2081,-86.2911,10.63,63,0,2.57,US,1670106464
134,mehamn,71.0357,27.8492,-3.05,86,35,6.17,NO,1670106607
135,beloha,-25.1667,45.05,22.99,74,82,2.03,MG,1670106134
136,vila velha,-20.3297,-40.2925,22.97,96,100,3.6,BR,1670106159
137,santa maria,-29.6842,-53.8069,25.61,83,75,0.51,BR,1670106608
138,taoudenni,22.6783,-3.9836,22.8,18,0,2.86,ML,1670106608
139,vernon,50.2581,-119.2691,-4.66,69,75,1.34,CA,1670106608
140,yulara,-25.2406,130.9889,27.33,15,0,3.5,AU,1670106561
141,humboldt,40.6665,-123.9178,9.51,69,8,1.56,US,1670106609
142,batagay-alyta,67.8006,130.4114,-22.83,92,100,1.63,RU,1670106541
143,avarua,-21.2078,-159.775,29.03,79,40,5.14,CK,1670106060
144,saskylakh,71.9167,114.0833,-13.19,93,100,11.13,RU,1670106046
145,nantai,40.9241,122.8044,-9.76,34,0,2.1,CN,1670106609
146,port alfred,-33.5906,26.891,16.77,92,99,2.01,ZA,1670106037
147,port elizabeth,-33.918,25.5701,17.83,86,75,2.57,ZA,1670106034
148,acapulco,16.8634,-99.8901,30.9,58,20,4.12,MX,1670105997
149,urusha,54.05,122.9,-27.9,95,100,1.21,RU,1670106610
150,goleniow,53.5639,14.8285,-0.77,86,75,2.06,PL,1670106610
151,nome,64.5011,-165.4064,1.04,87,100,6.17,US,1670105739
152,byron bay,-28.65,153.6167,18.86,80,89,5.49,AU,1670106607
153,klaksvik,62.2266,-6.589,6.51,92,100,2.52,FO,1670106063
154,batuan,9.7808,124.1484,23.89,91,59,2.35,PH,1670106611
155,acarau,-2.8856,-40.12,26.61,78,11,7.57,BR,1670106137
156,campoverde,-8.4753,-74.8058,23.83,97,100,0.43,PE,1670106611
157,tazovskiy,67.4667,78.7,-24.08,98,51,2.09,RU,1670106593
158,tecoanapa,16.5167,-98.75,29.3,57,1,3.71,MX,1670106105
159,cocoa,28.3861,-80.742,25.03,71,0,2.06,US,1670106612
160,samana,19.2056,-69.3369,24.98,88,2,3.16,DO,1670106612
161,lukow,51.929,22.3796,-0.04,95,100,4.46,PL,1670106612
162,sechura,-5.5569,-80.8222,23.08,63,44,7.38,PE,1670106613
163,vorokhta,48.2869,24.5719,-1.07,96,86,1.39,UA,1670106613
164,nampa,43.5407,-116.5635,4.36,51,0,4.12,US,1670106419
165,portland,45.5234,-122.6762,9.14,54,40,7.2,US,1670105820
166,waipawa,-41.4122,175.5153,18.65,52,75,0.61,NZ,1670106613
167,nuuk,64.1835,-51.7216,-1.66,80,75,11.83,GL,1670106614
168,graciano sanchez,23.9167,-99.2833,25.53,58,7,3.05,MX,1670106614
169,vizinga,61.0749,50.1031,-13.43,96,57,1.57,RU,1670106614
170,tocopilla,-22.092,-70.1979,21.29,58,11,4.54,CL,1670106615
171,monte patria,-30.6919,-70.9467,25.24,34,1,2.78,CL,1670106615
172,hasaki,35.7333,140.8333,3.22,69,77,3.77,JP,1670106032
173,faanui,-16.4833,-151.75,27.1,76,34,7.98,PF,1670106080
174,la palma,33.8464,-118.0467,24.86,59,40,3.6,US,1670106615
175,santa isabel do rio negro,-0.4139,-65.0192,24.25,97,98,0.11,BR,1670106616
176,udachnyy,66.4167,112.4,-15.13,91,100,11.93,RU,1670106616
177,kirakira,-10.4544,161.9205,29.24,70,100,4.77,SB,1670106616
178,aykhal,66.0,111.5,-16.98,97,100,6.94,RU,1670106617
179,kutum,14.2,24.6667,16.43,19,18,3.93,SD,1670106617
180,nova olimpia,-14.7972,-57.2881,23.12,95,100,2.04,BR,1670106617
181,bathsheba,13.2167,-59.5167,26.34,88,40,5.14,BB,1670106618
182,ancud,-41.8697,-73.8203,13.52,82,80,3.32,CL,1670106618
183,lazarev,52.225,141.5131,-27.03,94,15,2.47,RU,1670106618
184,khandyga,62.6667,135.6,-35.41,98,100,1.09,RU,1670106618
185,ola,59.5833,151.2833,-16.15,94,98,4.62,RU,1670106619
186,cabo san lucas,22.8909,-109.9124,31.17,42,0,5.14,MX,1670106064
187,kondapalle,16.6167,80.5333,21.55,95,44,1.54,IN,1670106619
188,qaanaaq,77.484,-69.3632,-18.83,88,100,1.38,GL,1670106044
189,ust-kut,56.7938,105.7672,-17.87,98,100,1.76,RU,1670106619
190,nadadores,27.05,-101.6,20.38,60,75,6.17,MX,1670106620
191,ilulissat,69.2167,-51.1,-2.99,93,100,6.17,GL,1670106064
192,juneau,58.3019,-134.4197,0.61,89,20,0.0,US,1670105964
193,vestmanna,62.1564,-7.1664,5.51,93,100,5.66,FO,1670106142
194,oga,46.4631,10.347,1.38,98,96,2.16,IT,1670106620
195,carauari,-4.8828,-66.8958,23.74,96,97,1.28,BR,1670106621
196,la romana,18.4273,-68.9728,23.16,84,8,4.9,DO,1670106552
197,jinchang,38.4953,102.1739,-7.15,59,100,0.37,CN,1670106621
198,atar,20.5169,-13.0499,19.14,20,0,1.06,MR,1670106142
199,constitucion,-35.3333,-72.4167,18.2,72,29,8.25,CL,1670106029
200,lagoa,39.05,-27.9833,14.82,77,87,16.1,PT,1670106134
201,leningradskiy,69.3833,178.4167,-13.76,78,100,2.9,RU,1670106557
202,sitka,57.0531,-135.33,1.94,75,0,1.54,US,1670106103
203,port shepstone,-30.7414,30.455,19.64,79,100,1.19,ZA,1670106622
204,naze,28.3667,129.4833,20.51,80,99,2.47,JP,1670106178
205,medea,36.2642,2.7539,6.35,72,1,2.57,DZ,1670106622
206,san cristobal,7.7669,-72.225,22.1,95,89,1.5,VE,1670106164
207,tilichiki,60.4667,166.1,-15.47,81,98,3.44,RU,1670106622
208,stornoway,58.2093,-6.3865,6.98,94,75,0.51,GB,1670106623
209,ayan,56.45,138.1667,-21.76,83,78,6.19,RU,1670106036
210,alanya,36.5438,31.9998,12.07,50,97,1.9,TR,1670106422
211,okato,-39.2,173.8833,19.39,100,43,4.83,NZ,1670106623
212,mikhaylovskoye,51.8239,79.7172,-19.43,92,100,2.04,RU,1670106624
213,pevek,69.7008,170.3133,-18.11,79,83,3.68,RU,1670106037
214,severo-kurilsk,50.6789,156.125,-0.11,89,84,8.35,RU,1670106046
215,ust-kuyga,70.0167,135.6,-23.43,99,100,3.97,RU,1670106624
216,pakruojis,55.9667,23.8667,-2.56,97,100,3.61,LT,1670106624
217,makurdi,7.7411,8.5121,26.87,29,7,1.33,NG,1670106069
218,berbera,10.4396,45.0143,24.66,72,3,2.13,SO,1670106625
219,namibe,-15.1961,12.1522,22.27,81,100,3.27,AO,1670106161
220,cidreira,-30.1811,-50.2056,22.78,95,100,2.62,BR,1670106133
221,hay river,60.8156,-115.7999,-10.01,85,75,3.09,CA,1670106108
222,road town,18.4167,-64.6167,26.05,73,40,2.57,VG,1670106536
223,te anau,-45.4167,167.7167,14.06,61,99,3.75,NZ,1670106625
224,kangavar,34.5043,47.9653,5.57,67,1,0.78,IR,1670106626
225,pasni,25.2631,63.471,23.13,44,0,3.6,PK,1670106626
226,hirado,33.3597,129.5531,9.66,82,99,7.78,JP,1670106626
227,pinsk,52.1229,26.0951,-2.79,92,99,4.98,BY,1670106627
228,pacific grove,36.6177,-121.9166,12.44,92,100,1.34,US,1670106627
229,san jeronimo,-11.9472,-75.2829,13.57,57,60,3.31,PE,1670106627
230,saint george,37.1041,-113.5841,18.02,35,40,2.06,US,1670105847
231,susanville,40.4163,-120.653,3.23,86,100,1.54,US,1670106628
232,nagato,34.3833,131.2,11.08,84,100,7.8,JP,1670106628
233,fort-shevchenko,44.5086,50.263,-3.85,57,0,7.97,KZ,1670106131
234,pombas,17.1503,-25.0201,21.88,63,2,2.97,CV,1670106628
235,taikang,46.8333,124.4167,-20.08,86,2,3.84,CN,1670106629
236,vao,-22.6667,167.4833,24.85,87,94,1.19,NC,1670106629
237,dwarka,22.2394,68.9678,23.02,52,6,3.18,IN,1670106629
238,manama,26.2154,50.5832,22.99,78,0,3.09,BH,1670106630
239,kesinga,20.2,83.2333,17.6,78,0,0.36,IN,1670106630
240,chernyshevskiy,63.0128,112.4714,-19.62,100,97,1.88,RU,1670106630
241,koumac,-20.5667,164.2833,25.36,88,100,1.62,NC,1670106631
242,hwange,-18.3693,26.5019,24.67,37,33,0.74,ZW,1670106631
243,saint-augustin,51.226,-58.6502,0.28,82,100,7.9,CA,1670106632
244,vanderhoof,54.0166,-124.0198,-15.7,86,42,0.83,CA,1670106625
245,sikasso,10.9167,-7.0,25.66,66,98,1.76,ML,1670106632
246,araouane,18.9048,-3.5265,25.24,16,79,4.14,ML,1670106633
247,kapiri mposhi,-13.9652,28.6809,20.96,50,47,0.83,ZM,1670106633
248,faya,18.3851,42.4509,13.06,84,4,0.92,SA,1670106633
249,stawell,-37.05,142.7667,24.61,42,11,4.16,AU,1670106633
250,vardo,70.3705,31.1107,-2.01,86,100,3.09,NO,1670106508
251,beausejour,50.0622,-96.5167,-14.13,86,68,4.2,CA,1670106634
252,ostroveni,43.8,23.9,4.93,77,100,4.06,RO,1670106634
253,eyl,7.9803,49.8164,24.32,72,52,7.03,SO,1670106635
254,sabha,27.0377,14.4283,18.22,25,0,4.73,LY,1670106635
255,qui nhon,13.7667,109.2333,23.87,91,100,4.32,VN,1670106517
256,petropavlovsk-kamchatskiy,53.0452,158.6483,-17.67,85,75,4.0,RU,1670106091
257,krasnokholm,51.5979,54.1567,-13.16,71,0,2.35,RU,1670106635
258,chokurdakh,70.6333,147.9167,-26.61,95,97,6.37,RU,1670106636
259,olafsvik,64.8945,-23.7142,5.06,79,58,2.54,IS,1670106636
260,tenenkou,14.4572,-4.9169,27.26,33,68,1.61,ML,1670106636
261,thabazimbi,-24.5917,27.4116,24.0,41,31,2.89,ZA,1670106636
262,zaysan,47.4667,84.8667,-18.18,89,67,1.52,KZ,1670106637
263,los llanos de aridane,28.6585,-17.9182,17.86,45,100,3.6,ES,1670106637
264,luderitz,-26.6481,15.1594,16.16,66,5,7.16,NA,1670106106
265,fortuna,40.5982,-124.1573,14.96,52,40,7.72,US,1670106111
266,pringsewu,-5.3582,104.9744,23.08,91,100,1.78,ID,1670106140
267,pontal do parana,-25.6533,-48.5128,23.53,95,100,1.46,BR,1670106638
268,tacna,-18.0056,-70.2483,19.11,64,40,4.63,PE,1670106638
269,castro,-24.7911,-50.0119,19.63,91,100,1.96,BR,1670106046
270,mount gambier,-37.8333,140.7667,21.52,46,35,2.98,AU,1670106043
271,mount isa,-20.7333,139.5,25.87,36,75,2.57,AU,1670105940
272,kibakwe,-6.7167,36.3667,17.97,88,6,1.83,TZ,1670106639
273,novo mesto,45.804,15.1689,4.0,99,100,0.32,SI,1670106639
274,harper,4.375,-7.7169,25.59,82,100,3.39,LR,1670106159
275,broken hill,-31.95,141.4333,26.93,25,0,4.34,AU,1670106044
276,sur,22.5667,59.5289,23.03,63,0,3.16,OM,1670106639
277,nong kung si,16.65,103.3,23.23,99,100,1.88,TH,1670106640
278,slave lake,55.2834,-114.769,-8.01,62,0,8.75,CA,1670106640
279,port-gentil,-0.7193,8.7815,24.98,94,20,2.06,GA,1670106515
280,richards bay,-28.783,32.0377,20.31,79,100,2.6,ZA,1670106640
281,saint-francois,46.4154,3.9054,2.69,93,100,5.14,FR,1670106153
282,bengkulu,-3.8004,102.2655,23.09,91,98,1.65,ID,1670106149
283,polunochnoye,60.8697,60.4153,-13.9,90,91,1.55,RU,1670106641
284,loukhi,66.0764,33.0381,-5.6,94,100,2.61,RU,1670106641
285,yumen,40.2833,97.2,-9.76,84,100,0.77,CN,1670106143
286,asau,46.4333,26.4,-1.49,95,99,1.21,RO,1670106642
287,meulaboh,4.1363,96.1285,23.68,87,100,1.47,ID,1670106642
288,srivardhan,18.0333,73.0167,24.0,57,15,1.25,IN,1670106642
289,callaway,30.153,-85.5699,22.75,86,75,3.09,US,1670106642
290,dunedin,-45.8742,170.5036,18.46,46,100,5.16,NZ,1670106098
291,inirida,3.8653,-67.9239,24.69,82,92,0.75,CO,1670106643
292,laguna,38.421,-121.4238,11.71,93,100,4.12,US,1670106053
293,qiryat yam,32.8508,35.0703,16.72,54,24,3.31,IL,1670106643
294,santiago,-33.4569,-70.6483,29.19,30,0,8.23,CL,1670106581
295,kudahuvadhoo,2.6708,72.8944,26.32,79,88,4.17,MV,1670106105
296,caravelas,-17.7125,-39.2481,22.47,94,100,2.5,BR,1670106644
297,opuwo,-18.0607,13.84,23.19,37,51,0.99,NA,1670106149
298,whitecourt,54.1502,-115.6855,-8.42,73,75,5.14,CA,1670106644
299,half moon bay,37.4636,-122.4286,11.93,95,75,3.09,US,1670106076
300,noshiro,40.2039,140.0242,4.22,93,100,7.03,JP,1670106645
301,abu dhabi,24.4667,54.3667,24.01,78,0,1.03,AE,1670106461
302,rajauri,33.3833,74.3,11.04,25,4,2.57,IN,1670106645
303,casper,42.8666,-106.3131,3.33,41,0,10.8,US,1670106406
304,geraldton,-28.7667,114.6,21.23,78,100,4.63,AU,1670106645
305,alvor,37.1299,-8.5917,12.81,78,32,3.46,PT,1670106646
306,prince rupert,54.3161,-130.3201,0.83,57,0,1.03,CA,1670106646
307,lompoc,34.6391,-120.4579,17.66,94,100,5.14,US,1670106112
308,sao pedro do sul,-29.6206,-54.1789,25.36,93,75,1.93,BR,1670106634
309,coquimbo,-29.9533,-71.3436,16.85,77,20,4.63,CL,1670106094
310,smoky lake,54.1169,-112.4686,-11.6,67,66,4.63,CA,1670106647
311,talakan,50.3167,130.3667,-30.49,100,100,1.03,RU,1670106101
312,guerrero negro,27.9769,-114.0611,22.09,54,100,5.1,MX,1670106647
313,waingapu,-9.6567,120.2641,25.38,79,100,2.3,ID,1670106118
314,marawi,7.9986,124.2928,21.66,84,84,0.46,PH,1670106647
315,effingham,32.3669,-81.3332,23.97,80,62,1.91,US,1670106648
316,bambous virieux,-20.3428,57.7575,23.14,83,40,0.0,MU,1670106112
317,san luis,-33.295,-66.3356,31.52,20,1,5.5,AR,1670106072
318,waddan,29.1614,16.139,17.12,34,4,3.8,LY,1670106648
319,san sebastian,43.3128,-1.975,4.91,88,40,1.54,ES,1670106648
320,zhangye,38.9342,100.4517,-9.16,73,100,0.46,CN,1670106649
321,laurel,39.0993,-76.8483,16.5,84,75,4.12,US,1670106525
322,yerbogachen,61.2767,108.0108,-18.75,96,100,4.22,RU,1670106068
323,esperance,-33.8667,121.9,16.53,83,100,6.18,AU,1670106108
324,mitsamiouli,-11.3847,43.2844,27.16,74,20,1.54,KM,1670106083
325,dicabisagan,17.0818,122.4157,25.11,87,86,1.41,PH,1670106649
326,bagdarin,54.4333,113.6,-24.05,87,99,1.85,RU,1670106650
327,salalah,17.0151,54.0924,23.05,73,0,2.06,OM,1670106650
328,sorkjosen,69.8,20.9333,-5.0,74,6,2.06,NO,1670106650
329,kamen-na-obi,53.7884,81.3423,-23.14,100,92,0.67,RU,1670106651
330,troitskoye,52.9821,84.6757,-24.41,100,36,1.21,RU,1670106651
331,santa helena,-2.2311,-45.3,24.71,82,100,1.22,BR,1670106651
332,seoul,37.5683,126.9778,-3.34,36,0,4.63,KR,1670106652
333,buchanan,5.8808,-10.0467,24.93,89,63,2.79,LR,1670106080
334,nemuro,43.3236,145.575,2.02,64,57,6.61,JP,1670106652
335,hovd,48.0056,91.6419,-19.11,77,1,1.86,MN,1670106084
336,san juan,-31.5375,-68.5364,34.53,13,6,8.13,AR,1670106404
337,saint anthony,45.0205,-93.218,-10.03,66,0,5.14,US,1670106652
338,bonavista,48.6499,-53.1147,0.61,69,46,4.96,CA,1670106131
339,la esperanza,14.8667,-91.5667,15.29,93,100,10.29,GT,1670106653
340,grand-santi,4.25,-54.3833,22.47,98,94,1.63,GF,1670106653
341,kaseda,31.4167,130.3167,14.96,86,100,4.78,JP,1670106653
342,wembley,-31.9333,115.8,19.82,67,20,5.66,AU,1670106654
343,chambas,22.1928,-78.9136,24.74,62,78,6.01,CU,1670106654
344,madhupur,24.25,86.65,14.37,39,1,2.83,IN,1670106654
345,smithers,54.7804,-127.1743,-14.82,66,20,2.57,CA,1670106632
346,magadan,59.5667,150.8,-14.81,87,99,3.5,RU,1670106655
347,winslow,35.0242,-110.6974,13.1,41,100,4.12,US,1670106645
348,porto novo,6.4965,2.6036,26.22,83,25,3.2,BJ,1670106104
349,port macquarie,-31.4333,152.9167,20.5,74,98,1.09,AU,1670106136
350,champerico,14.3,-91.9167,31.3,72,5,2.27,GT,1670106655
351,santana do livramento,-30.8908,-55.5328,20.3,92,77,3.19,BR,1670106655
352,baruun-urt,46.6806,113.2792,-22.35,85,7,3.75,MN,1670106656
353,marzuq,14.4,46.4667,16.32,42,0,0.79,YE,1670106085
354,broome,42.2506,-75.833,7.01,71,75,8.75,US,1670106656
355,charters towers,-20.1,146.2667,24.72,51,0,5.99,AU,1670106656
356,riyadh,24.6877,46.7219,19.08,37,1,3.16,SA,1670106657
357,cairns,-16.9167,145.7667,28.39,71,40,4.63,AU,1670106448
358,homer,59.6425,-151.5483,1.54,74,0,2.57,US,1670106075
359,kiruna,67.8557,20.2251,-5.49,86,100,1.54,SE,1670106132
360,fukuma,33.7667,130.4667,10.16,79,100,2.57,JP,1670106121
361,capitao poco,-1.7464,-47.0594,24.14,84,100,1.54,BR,1670106657
362,whitehorse,60.7161,-135.0538,-6.06,78,75,4.12,CA,1670106598
363,sorland,67.667,12.6934,3.92,71,100,6.82,NO,1670106602
364,riohacha,11.5444,-72.9072,28.06,78,40,4.12,CO,1670106658
365,ahuimanu,21.4447,-157.8378,28.84,69,75,5.66,US,1670106658
366,lipin bor,60.2622,37.9763,-9.02,88,100,4.49,RU,1670106658
367,saint-joseph,-21.3667,55.6167,24.21,84,12,4.1,RE,1670106140
368,guaymas,27.9333,-110.9,33.58,45,40,4.12,MX,1670106518
369,nikolskoye,59.7035,30.7861,-5.05,92,100,3.43,RU,1670106659
370,west wendover,40.7391,-114.0733,-1.44,59,0,1.54,US,1670106659
371,namtsy,62.7161,129.6658,-33.65,98,100,1.07,RU,1670106659
372,soe,-9.8607,124.284,21.75,56,96,1.28,ID,1670106660
373,pachora,20.6667,75.35,21.04,54,15,1.54,IN,1670106660
374,north myrtle beach,33.816,-78.68,22.29,78,100,5.66,US,1670106660
375,baykit,61.67,96.37,-27.24,100,79,1.16,RU,1670106661
376,victoria,22.2855,114.1577,22.19,83,34,4.47,HK,1670106661
377,ipixuna,-1.7625,-48.8043,24.23,91,100,1.23,BR,1670106661
378,puri,19.8,85.85,19.29,61,0,2.85,IN,1670106661
379,douglas,41.3,-96.167,0.53,43,0,4.63,US,1670106537
380,tucupita,9.0622,-62.051,22.55,97,96,1.69,VE,1670106662
381,zhigansk,66.7697,123.3711,-29.59,98,100,6.83,RU,1670106662
382,tyup,42.7276,78.3648,-4.31,75,100,0.87,KG,1670106663
383,vaitape,-16.5167,-151.75,27.02,77,30,8.14,PF,1670106663
384,inhambane,-23.865,35.3833,24.44,91,1,0.62,MZ,1670106664
385,christchurch,-43.5333,172.6333,21.93,56,66,2.06,NZ,1670106010
386,paamiut,61.994,-49.6678,-4.71,85,98,4.51,GL,1670106175
387,grindavik,63.8424,-22.4338,2.26,93,0,4.12,IS,1670106103
388,matara,5.9485,80.5353,24.0,89,94,1.9,LK,1670106098
389,coos bay,43.3665,-124.2179,12.22,79,100,1.54,US,1670106664
390,kruisfontein,-34.0033,24.7314,16.6,80,100,1.72,ZA,1670106156
391,mabaruma,8.2,-59.7833,22.69,98,100,1.42,GY,1670106665
392,lerwick,60.1545,-1.1494,7.0,66,100,6.03,GB,1670106665
393,otane,-39.8833,176.6333,19.72,47,22,0.78,NZ,1670106551
394,kavaratti,10.5669,72.642,27.76,73,96,3.23,IN,1670106665
395,yarada,17.65,83.2667,24.11,83,12,2.45,IN,1670106666
396,tikrit,34.6071,43.6782,15.84,62,37,2.63,IQ,1670106666
397,lincoln,40.8,-96.667,2.78,43,0,6.69,US,1670106099
398,galle,6.0367,80.217,24.57,86,93,1.53,LK,1670106170
399,nicoya,10.1483,-85.452,24.53,83,18,3.47,CR,1670106666
400,lubao,14.9167,120.55,27.84,83,100,2.97,PH,1670106667
401,raga,8.4596,25.678,23.15,23,48,1.91,SS,1670106655
402,mandan,46.8267,-100.8896,-8.01,66,0,3.6,US,1670106667
403,majene,-3.5403,118.9707,26.06,82,92,0.86,ID,1670106667
404,nioro,13.35,-15.75,21.57,61,53,2.74,GM,1670106668
405,adre,13.4667,22.2,19.64,16,7,5.18,TD,1670106668
406,mirnyy,62.5353,113.9611,-14.31,84,100,3.13,RU,1670106507
407,salto,-31.3833,-57.9667,28.09,54,40,5.14,UY,1670106421
408,san vicente,-26.6167,-54.1333,23.42,74,100,0.7,AR,1670106124
409,mujiayingzi,42.1167,118.7833,-13.82,47,0,3.31,CN,1670106668
410,gao,16.6362,1.637,24.33,13,57,4.97,ML,1670106669
411,bad salzuflen,52.0862,8.7443,0.22,89,60,2.76,DE,1670106669
412,beringovskiy,63.05,179.3167,0.39,99,100,4.26,RU,1670106669
413,bonthe,7.5264,-12.505,24.79,86,82,2.3,SL,1670106670
414,kargopol,61.5071,38.9456,-8.62,85,100,3.62,RU,1670106670
415,flinders,-34.5833,150.8552,21.88,62,0,3.74,AU,1670106670
416,najran,17.4924,44.1277,14.36,48,0,0.8,SA,1670106671
417,jining,35.405,116.5814,0.23,46,100,2.57,CN,1670106671
418,kavali,14.9167,79.9833,24.27,85,83,1.84,IN,1670106671
419,bang saphan,11.2126,99.5117,24.11,92,98,2.81,TH,1670106672
420,aklavik,68.2191,-135.0107,-6.0,79,40,12.35,CA,1670106605
421,cayenne,4.9333,-52.3333,23.02,94,100,1.54,GF,1670106174
422,nanakuli,21.3906,-158.1547,28.97,57,40,4.63,US,1670106672
423,denpasar,-8.65,115.2167,24.84,94,20,1.03,ID,1670106416
424,sakakah,29.9697,40.2064,14.76,74,66,3.68,SA,1670106672
425,narsaq,60.9167,-46.05,-3.88,83,2,3.55,GL,1670106087
426,pemangkat,1.1667,108.9667,24.85,89,100,1.95,ID,1670106673
427,waverly,42.7392,-84.6208,-1.25,73,28,6.46,US,1670106373
428,khudumelapye,-23.8833,24.75,28.04,26,95,2.05,BW,1670106673
429,novyy urengoy,66.0833,76.6333,-21.71,98,29,3.27,RU,1670106673
430,high level,58.5169,-117.136,-11.94,85,75,0.0,CA,1670106613
431,papara,-3.9839,-38.7273,27.22,80,51,2.24,BR,1670106674
432,westport,41.1415,-73.3579,14.14,85,100,4.63,US,1670105974
433,tiarei,-17.5333,-149.3333,29.01,81,52,8.47,PF,1670106674
434,barahona,18.2085,-71.1008,27.9,78,40,5.14,DO,1670106675
435,havre-saint-pierre,50.2334,-63.5986,3.0,100,100,4.12,CA,1670106096
436,orotukan,62.2667,151.7,-28.46,91,11,3.55,RU,1670106675
437,albania,41.0,20.0,12.46,76,100,3.14,AL,1670106675
438,ixtapa,20.7,-105.2,27.35,74,20,4.63,MX,1670106676
439,eureka,40.8021,-124.1637,15.11,51,22,4.92,US,1670106143
440,presidencia roque saenz pena,-26.7852,-60.4388,26.65,31,0,2.51,AR,1670106676
441,kurilsk,45.2333,147.8833,0.99,67,95,7.37,RU,1670106676
442,banda aceh,5.5577,95.3222,25.56,79,100,2.1,ID,1670106677
443,kinsale,51.7075,-8.5306,5.65,81,75,4.12,IE,1670106677
444,saldanha,-33.0117,17.9442,15.03,73,99,10.47,ZA,1670106090
445,uglovskoye,51.3557,80.1942,-19.1,88,100,2.36,RU,1670106677
446,cherskiy,68.75,161.3,-17.82,84,100,2.0,RU,1670106139
447,yar-sale,66.8333,70.8333,-4.77,94,98,6.29,RU,1670106086
448,saint-leu,-21.15,55.2833,24.48,81,12,2.38,RE,1670106678
449,baiquan,47.5833,126.0833,-28.19,92,14,2.74,CN,1670106678
450,kyren,51.6828,102.1408,-19.85,84,78,0.21,RU,1670106678
451,santa rosa,14.3122,121.1114,26.99,95,96,2.99,PH,1670106101
452,axim,4.8699,-2.2405,25.57,85,99,2.28,GH,1670106679
453,lucapa,-8.4192,20.7447,19.45,94,100,0.51,AO,1670106679
454,berlevag,70.8578,29.0864,-3.03,74,32,11.32,NO,1670106109
455,port lincoln,-34.7333,135.8667,23.02,44,94,3.43,AU,1670106082
456,vestmannaeyjar,63.4427,-20.2734,5.86,72,18,1.86,IS,1670106680
457,melnikovo,56.5558,84.085,-20.42,93,18,2.77,RU,1670106680
458,la orilla,17.9833,-102.2333,27.88,67,5,3.49,MX,1670106680
459,hambantota,6.1241,81.1185,24.18,89,93,3.72,LK,1670106681
460,west bay,19.3667,-81.4167,28.04,73,20,7.2,KY,1670106681
461,chapais,49.7834,-74.8492,-0.12,94,100,6.76,CA,1670106681
462,antananarivo,-18.9137,47.5361,17.98,94,75,2.57,MG,1670106681
463,ljungby,56.8332,13.9408,0.23,88,100,4.08,SE,1670106682
464,namatanai,-3.6667,152.4333,27.8,75,93,2.16,PG,1670106125
465,alekseyevsk,57.8406,108.3492,-18.14,94,100,4.44,RU,1670106682
466,arman,59.7,150.1667,-18.32,89,90,3.91,RU,1670106097
467,guozhen,34.3659,107.359,1.89,54,86,1.45,CN,1670106683
468,azare,11.6765,10.1948,23.64,27,77,3.68,NG,1670106683
469,zheshart,62.0731,49.5733,-14.77,98,69,1.43,RU,1670106683
470,tongliao,43.6125,122.2653,-15.3,49,0,4.2,CN,1670106160
471,carutapera,-1.195,-46.02,26.12,77,93,3.57,BR,1670106684
472,churapcha,62.0025,132.4325,-32.51,97,100,0.88,RU,1670106684
473,tura,25.5198,90.2201,15.13,86,0,1.66,IN,1670106684
474,gotsu,35.0,132.2167,10.71,75,100,7.16,JP,1670106684
475,omboue,-1.5746,9.2618,24.64,90,100,0.62,GA,1670106161
476,salym,60.0625,71.4789,-11.75,95,100,2.7,RU,1670106685
477,morris,40.8334,-74.5329,12.82,86,100,3.6,US,1670106633
478,jatai,-17.8814,-51.7144,22.18,83,100,2.59,BR,1670106685
479,mvuma,-19.2792,30.5283,19.98,54,11,1.46,ZW,1670106686
480,gorele,41.0308,39.0031,11.57,87,94,1.88,TR,1670106686
481,mecca,21.4267,39.8261,24.72,72,33,2.44,SA,1670106686
482,vostok,46.4856,135.8833,-22.03,98,100,2.9,RU,1670106106
483,thunder bay,48.4001,-89.3168,-12.01,56,75,5.66,CA,1670106485
484,bestobe,52.4994,73.0975,-20.45,100,100,2.7,KZ,1670106687
485,bondo,3.8146,23.6866,21.23,71,61,0.17,CD,1670106687
486,da lat,11.9465,108.4419,14.84,94,100,1.61,VN,1670106687
487,kodinsk,58.6881,99.1844,-18.72,97,100,2.52,RU,1670106688
488,chumikan,54.7183,135.315,-27.48,84,37,8.81,RU,1670106688
489,nantucket,41.2835,-70.0995,14.08,93,100,10.8,US,1670106688
490,port hardy,50.6996,-127.4199,4.1,70,20,4.12,CA,1670106097
491,fukue,32.6881,128.8419,13.74,77,100,11.14,JP,1670106688
492,bacolod,10.6667,122.95,26.02,84,78,3.04,PH,1670106689
493,tambura,5.6,27.4667,24.55,39,75,1.25,SS,1670106689
494,sandpoint,48.2766,-116.5533,-0.71,84,0,3.09,US,1670106689
495,lorengau,-2.0226,147.2712,26.42,83,100,1.03,PG,1670106125
496,qingdao,36.0986,120.3719,-1.22,80,0,1.0,CN,1670106690
497,anadyr,64.75,177.4833,-4.72,86,100,10.0,RU,1670106690
498,flin flon,54.7682,-101.865,-20.09,71,75,2.06,CA,1670106690
499,cockburn town,21.4612,-71.1419,24.98,78,75,6.17,TC,1670106691
500,sungaipenuh,-2.0833,101.3833,16.74,96,100,0.52,ID,1670106691
501,khani,41.9563,42.9566,3.76,97,100,1.56,GE,1670106691
502,markova,48.6758,24.4138,-1.51,97,80,1.13,UA,1670106691
503,talara,-4.5772,-81.2719,23.42,68,0,5.14,PE,1670106692
504,general roca,-39.0333,-67.5833,30.9,11,7,13.29,AR,1670106116
505,klyuchi,52.2667,79.1667,-20.72,97,100,1.94,RU,1670106692
506,dawlatabad,36.4141,64.9053,3.43,46,100,1.56,AF,1670106692
507,grand gaube,-20.0064,57.6608,23.22,75,45,0.89,MU,1670106135
508,arrecife,28.963,-13.5477,17.99,88,75,1.54,ES,1670106693
509,ariquemes,-9.9133,-63.0408,24.61,76,47,1.58,BR,1670106693
510,dawei,14.0833,98.2,23.44,86,89,2.55,MM,1670106693
511,vila franca do campo,37.7167,-25.4333,14.23,77,85,11.42,PT,1670106694
512,leopold,-38.1833,144.4667,27.81,62,8,2.06,AU,1670106694
513,kamaishi,39.2667,141.8833,7.35,90,100,2.71,JP,1670106694
514,wajid,3.8093,43.2471,23.38,77,81,5.83,SO,1670106695
515,okhotsk,59.3833,143.3,-27.6,95,97,3.81,RU,1670106695
516,mbekenyera,-10.0,38.9833,20.1,99,8,1.56,TZ,1670106695
517,bozoum,6.3193,16.3799,22.59,46,100,0.18,CF,1670106695
518,bose,45.4612,8.0137,5.67,96,100,0.88,IT,1670106696
519,umm lajj,25.0213,37.2685,24.5,70,100,2.56,SA,1670106696
520,rio grande,-32.035,-52.0986,25.06,90,85,4.63,BR,1670106168
521,belyy yar,53.6039,91.3903,-27.3,80,75,1.0,RU,1670106696
522,nishihara,26.1842,127.7558,20.81,94,20,2.06,JP,1670106697
523,tver,56.8619,35.8931,-8.79,93,98,3.34,RU,1670106697
524,sisimiut,66.9395,-53.6735,-2.8,70,100,10.34,GL,1670106697
525,fria,10.4167,-13.5833,24.01,83,54,0.87,GN,1670106698
526,maragogi,-9.0122,-35.2225,25.16,83,92,4.13,BR,1670106472
527,hualmay,-11.0964,-77.6139,21.13,74,34,3.91,PE,1670106484
528,bayji,34.9311,43.487,15.74,62,28,1.92,IQ,1670106698
529,bodden town,19.2833,-81.25,28.0,74,20,7.2,KY,1670106698
530,mlalo,-4.9333,38.9333,22.17,95,44,1.8,TZ,1670106699
531,riverton,40.5219,-111.9391,5.1,61,100,1.34,US,1670106680
532,arlit,18.7369,7.3853,23.87,15,7,2.61,NE,1670106699
533,floirac,44.8324,-0.5141,1.9,94,96,0.51,FR,1670106518
534,macusani,-14.0833,-70.4333,5.22,70,97,3.25,PE,1670106700
535,ulladulla,-35.35,150.4667,21.82,52,0,3.17,AU,1670106700
536,ocos,14.5094,-92.1933,30.1,67,3,1.9,GT,1670106510
537,nago,26.5881,127.9761,21.24,85,93,2.7,JP,1670106700
538,bhadrak,21.0633,86.5054,17.69,58,0,1.59,IN,1670106700
539,puerto carreno,6.189,-67.4859,29.99,66,20,2.06,CO,1670106701
540,honningsvag,70.9821,25.9704,-2.14,74,20,7.72,NO,1670106701
541,ambilobe,-13.2,49.05,23.81,87,84,1.68,MG,1670106130
542,north bend,43.4065,-124.2243,12.18,78,100,1.54,US,1670106632
543,adoni,15.6333,77.2833,22.41,75,45,2.5,IN,1670106701
544,ponta do sol,32.6667,-17.1,16.51,76,45,3.98,PT,1670106702
545,tutoia,-2.7619,-42.2744,26.59,79,10,4.81,BR,1670106702
546,navalmoral de la mata,39.8916,-5.5406,9.98,74,55,0.56,ES,1670106702
547,kununurra,-15.7667,128.7333,24.99,73,69,0.51,AU,1670106127
548,san isidro,-12.1167,-77.05,20.77,68,0,5.14,PE,1670106703
